insert into alumnos (cedula, nombre, apellido, nacimiento) values('4757679', 'David', 'Bareiro', '1997-08-12');
insert into alumnos (cedula, nombre, apellido, nacimiento) values('1236478', 'Melissa', 'Quiñónez', '1987-11-28');
insert into alumnos (cedula, nombre, apellido, nacimiento) values('7382992', 'Pedro', 'Pérez', '1996-02-01');
insert into alumnos (cedula, nombre, apellido, nacimiento) values('4325666', 'Ana', 'Vera', '1977-05-19');
insert into alumnos (cedula, nombre, apellido, nacimiento) values('3425627', 'Johanna', 'Mereles', '1977-10-09');
insert into alumnos (cedula, nombre, apellido, nacimiento) values('4235267', 'Mario', 'Benítez', '1967-07-23');

insert into tutorias  (cod_tutoria, bandera, descripcion) values (1, false, 'tipo1');
insert into tutorias  (cod_tutoria, bandera, descripcion) values (2, false, 'tipo2');
insert into tutorias  (cod_tutoria, bandera, descripcion) values (3, false, 'tipo3');
insert into tutorias  (cod_tutoria, bandera, descripcion) values (4, false, 'tipo4');
insert into tutorias  (cod_tutoria, bandera, descripcion) values (5, false, 'tipo5');

insert into profesores (cedula, nombre, apellido, cod_tutoria) values('2132435', 'David', 'Gaona', 1);
insert into profesores (cedula, nombre, apellido, cod_tutoria) values('3000323', 'Zunilda', 'Fernández', 2);
insert into profesores (cedula, nombre, apellido, cod_tutoria) values('4585799', 'Pablo', 'Cardozo', 3);
insert into profesores (cedula, nombre, apellido, cod_tutoria) values('7364667', 'Joseph', 'Chong', 4);
insert into profesores (cedula, nombre, apellido, cod_tutoria) values('6374888', 'Sarah', 'Cabrera', 5);
insert into profesores (cedula, nombre, apellido, cod_tutoria) values('4637833', 'Pedro', 'Pedrozo', 2);
insert into profesores (cedula, nombre, apellido, cod_tutoria) values('4639999', 'Marcos', 'Zeballos', 3);
insert into profesores (cedula, nombre, apellido, cod_tutoria) values('2388283', 'Cesia', 'Estrada', 3);
insert into profesores (cedula, nombre, apellido, cod_tutoria) values('4423232', 'Mariela', 'Britez', 5);
insert into profesores (cedula, nombre, apellido, cod_tutoria) values('5263777', 'Mercedez', 'Mercado', 1);
insert into profesores (cedula, nombre, apellido, cod_tutoria) values('5537890', 'Sofía', 'Speratti', 2);
insert into profesores (cedula, nombre, apellido, cod_tutoria) values('2399900', 'Ximena', 'García', 1);
insert into profesores (cedula, nombre, apellido, cod_tutoria) values('7994809', 'Marcelino', 'Recalde', 1);
insert into profesores (cedula, nombre, apellido, cod_tutoria) values('4300921', 'Hector', 'Arias', 4);
insert into profesores (cedula, nombre, apellido, cod_tutoria) values('5537890', 'Rodrigo', 'Vera', 3);

insert into asignaturas (descripcion) values('Matemática Básica');
insert into asignaturas (descripcion) values('Aritmética');
insert into asignaturas (descripcion) values('Algebra');
insert into asignaturas (descripcion) values('Geometría Básica');
insert into asignaturas (descripcion) values('Geometría Avanzada');
insert into asignaturas (descripcion) values('Trigonometría');
insert into asignaturas (descripcion) values('Física');
insert into asignaturas (descripcion) values('Química');
insert into asignaturas (descripcion) values('Geometría Analítica');
insert into asignaturas (descripcion) values('Cálculo Diferencial');
insert into asignaturas (descripcion) values('Estadísticas y Probabilidades');
insert into asignaturas (descripcion) values('Inglés Básico');
insert into asignaturas (descripcion) values('Inglés Intermedio');
insert into asignaturas (descripcion) values('Inglés Avanzado');
insert into asignaturas (descripcion) values('Introducción a la Programación');
insert into asignaturas (descripcion) values('Algorítmica Estructurada');
insert into asignaturas (descripcion) values('Algorítmica Avanzada');
insert into asignaturas (descripcion) values('Diseño de Base de Datos');
insert into asignaturas (descripcion) values('Base de Datos Módulo I');
insert into asignaturas (descripcion) values('Base de Datos Módulo II');
insert into asignaturas (descripcion) values('Teoría de Redes');
insert into asignaturas (descripcion) values('Aplicación de Redes Informáticas');
insert into asignaturas (descripcion) values('Diseño Gráfico y Marketing');
insert into asignaturas (descripcion) values('Animación en 3D Módulo I');
insert into asignaturas (descripcion) values('Animación en 3D Módulo II');
insert into asignaturas (descripcion) values('Animación en 3D Módulo III');